label,f1,f2,f3,f4,f5,f6,f7,f8,f9,f10,f11,f12,f13,f14,f15,f16,f17,f18,f19,f20,f21,f22,f23,f24,f25,f26,f27,f28,f29,f30,f31,f32,f33,f34,f35,f36,f37,f38,f39,f40,f41,f42,f43,f44,f45,f46,f47,f48,f49,f50,f51,f52,f53,f54,f55,f56,f57,f58,f59,f60,f61,f62,f63
pain,0.0,0.0,0.0,0.07419613748788834,-0.33902356028556824,-0.013289841823279858,0.2786077558994293,-0.5059487223625183,-0.04172760620713234,0.47068360447883606,-0.5047177672386169,-0.07087239623069763,0.602696418762207,-0.454748272895813,-0.09195610880851746,0.4437916874885559,-0.433226615190506,-0.11117871105670929,0.77646803855896,-0.6051533818244934,-0.17574623227119446,0.8075674176216125,-0.5222209692001343,-0.19117118418216705,0.7173655033111572,-0.4434584379196167,-0.17987234890460968,0.5161819458007812,-0.17926034331321716,-0.12947404384613037,0.8445120453834534,-0.2531326413154602,-0.16967469453811646,0.7912003993988037,-0.19030813872814178,-0.15820419788360596,0.6699500679969788,-0.17745353281497955,-0.13683141767978668,0.5292099118232727,0.04733637720346451,-0.1442820280790329,0.7968376874923706,-0.011826503090560436,-0.1681647002696991,0.7327932119369507,0.02197476476430893,-0.12741273641586304,0.6292498707771301,0.031648389995098114,-0.0927090272307396,0.5048553943634033,0.23107367753982544,-0.158151313662529,0.7052007913589478,0.19022177159786224,-0.1648063212633133,0.6723108887672424,0.21577893197536469,-0.11318748444318771,0.5963177680969238,0.23603151738643646,-0.06600295752286911
pain,0.0,0.0,0.0,0.08614246547222137,-0.3504519462585449,-0.003126431256532669,0.29140612483024597,-0.5230126976966858,-0.02810823917388916,0.49394938349723816,-0.49955832958221436,-0.05523892864584923,0.6275705099105835,-0.41791588068008423,-0.07408598065376282,0.4644481837749481,-0.45709535479545593,-0.0949392095208168,0.7934406995773315,-0.5897899866104126,-0.15033204853534698,0.7613814473152161,-0.46687325835227966,-0.1684371680021286,0.6586584448814392,-0.3792009949684143,-0.1647036224603653,0.5400681495666504,-0.21226219832897186,-0.11605812609195709,0.8447542190551758,-0.2526516616344452,-0.13514444231987,0.7675055861473083,-0.1661745011806488,-0.12031301110982895,0.6484057903289795,-0.14452368021011353,-0.10584314912557602,0.5604271292686462,0.01152240950614214,-0.13374392688274384,0.8063942790031433,0.0007774294936098158,-0.13708654046058655,0.7383325099945068,0.04417908191680908,-0.0964609682559967,0.6384921669960022,0.052299804985523224,-0.07078099250793457,0.5457290410995483,0.19307132065296173,-0.15123198926448822,0.7410532832145691,0.18586590886116028,-0.14396977424621582,0.6971291303634644,0.21310065686702728,-0.09507445245981216,0.6209239363670349,0.22663480043411255,-0.055284399539232254
pain,0.0,0.0,0.0,0.10840093344449997,-0.0475216843187809,-0.0706959143280983,0.17111188173294067,-0.1697065681219101,-0.1021420955657959,0.1223425343632698,-0.2842938005924225,-0.13444024324417114,0.04030394181609154,-0.35440757870674133,-0.16366857290267944,0.17408093810081482,-0.45791301131248474,-0.04456533119082451,0.22857889533042908,-0.6457308530807495,-0.10289382934570312,0.26062384247779846,-0.753826916217804,-0.13949882984161377,0.28141114115715027,-0.8465996384620667,-0.15876008570194244,0.07381660491228104,-0.4927680492401123,-0.05097320303320885,0.06966160237789154,-0.7224337458610535,-0.11927127838134766,0.062306150794029236,-0.8653481602668762,-0.15873928368091583,0.05124629661440849,-0.9836335182189941,-0.17273938655853271,-0.010650557465851307,-0.4512711465358734,-0.06670030951499939,-0.0582902617752552,-0.5409860610961914,-0.16391931474208832,-0.029572665691375732,-0.4041970670223236,-0.1845422089099884,0.0011381739750504494,-0.3004545569419861,-0.16666586697101593,-0.08554136753082275,-0.3632972836494446,-0.08698618412017822,-0.10336171090602875,-0.40781307220458984,-0.15793980658054352,-0.07137320190668106,-0.32339149713516235,-0.1581886112689972,-0.03601717948913574,-0.2508869171142578,-0.13790708780288696
pain,0.0,0.0,0.0,0.11007172614336014,-0.040480926632881165,-0.0808129534125328,0.1770273894071579,-0.14719203114509583,-0.11668626964092255,0.11096915602684021,-0.22638419270515442,-0.1500496119260788,0.019680198282003403,-0.2778242528438568,-0.17939823865890503,0.15730102360248566,-0.46781519055366516,-0.05323777720332146,0.2113645374774933,-0.6540967226028442,-0.10926520824432373,0.2499207705259323,-0.7689226269721985,-0.14128310978412628,0.275546133518219,-0.8707168102264404,-0.15644720196723938,0.056900378316640854,-0.5039236545562744,-0.053732551634311676,0.04287484288215637,-0.7303208112716675,-0.11922761052846909,0.03060917928814888,-0.8705796599388123,-0.15698949992656708,0.017190231010317802,-0.9857908487319946,-0.16709549725055695,-0.024381132796406746,-0.46499282121658325,-0.06390073150396347,-0.08070645481348038,-0.5038434863090515,-0.1656462848186493,-0.06358279287815094,-0.3526684045791626,-0.19278058409690857,-0.0381413958966732,-0.24890024960041046,-0.1741955429315567,-0.0918949618935585,-0.3778572976589203,-0.0785682424902916,-0.12185095995664597,-0.3893318474292755,-0.1550336629152298,-0.0914928987622261,-0.27433350682258606,-0.1580480933189392,-0.05188138410449028,-0.1819695681333542,-0.13537096977233887
pain,0.0,0.0,0.0,0.11055207252502441,-0.0460103340446949,-0.07695576548576355,0.17666170001029968,-0.15450036525726318,-0.11134597659111023,0.10561984032392502,-0.2347024530172348,-0.14477206766605377,0.009536647237837315,-0.2736891210079193,-0.1756787896156311,0.1582973599433899,-0.46716776490211487,-0.05075599253177643,0.21004801988601685,-0.65311199426651,-0.10532922297716141,0.23966515064239502,-0.7733919620513916,-0.1377425491809845,0.2600195109844208,-0.8805035948753357,-0.15466734766960144,0.05774133279919624,-0.5014874935150146,-0.05332699045538902,0.03300061076879501,-0.7272176146507263,-0.12287506461143494,0.011583787389099598,-0.8691636323928833,-0.16621634364128113,-0.005259991157799959,-0.983515739440918,-0.1807461529970169,-0.024595268070697784,-0.45941051840782166,-0.06397756189107895,-0.07246069610118866,-0.5057384371757507,-0.16730450093746185,-0.05937141925096512,-0.35458141565322876,-0.19491957128047943,-0.03979625180363655,-0.24462756514549255,-0.17675743997097015,-0.09200747311115265,-0.3719935715198517,-0.07844498008489609,-0.11835171282291412,-0.4000239670276642,-0.15352380275726318,-0.09597000479698181,-0.29115524888038635,-0.15405720472335815,-0.06524218618869781,-0.19683624804019928,-0.1300288438796997
pain,0.0,0.0,0.0,0.10708828270435333,-0.04444412142038345,-0.07267720252275467,0.17065691947937012,-0.1500730663537979,-0.10693091154098511,0.10684589296579361,-0.21593372523784637,-0.14075416326522827,0.018253497779369354,-0.25813934206962585,-0.17222264409065247,0.14599603414535522,-0.46088624000549316,-0.052027828991413116,0.19820530712604523,-0.6461350917816162,-0.10760533064603806,0.22786858677864075,-0.7650368809700012,-0.13994713127613068,0.24649564921855927,-0.8718602061271667,-0.15579572319984436,0.044835254549980164,-0.49356114864349365,-0.057436514645814896,0.024348784238100052,-0.7169466614723206,-0.12579341232776642,0.0038380990736186504,-0.8603854775428772,-0.16810519993305206,-0.014140398241579533,-0.9833784103393555,-0.1810164898633957,-0.03686998412013054,-0.4556502401828766,-0.0702621340751648,-0.09012357145547867,-0.492821604013443,-0.17376023530960083,-0.07569701224565506,-0.336148738861084,-0.19970126450061798,-0.05356146767735481,-0.2298235446214676,-0.1795746237039566,-0.10225588083267212,-0.37075915932655334,-0.0866253450512886,-0.1324167251586914,-0.3870913088321686,-0.1633678823709488,-0.10304189473390579,-0.2671208679676056,-0.16187910735607147,-0.0626714751124382,-0.16844195127487183,-0.13502570986747742
pain,0.0,0.0,0.0,0.11501257866621017,-0.03168468177318573,-0.08105088025331497,0.18856839835643768,-0.13313573598861694,-0.11904934048652649,0.12338659167289734,-0.202614426612854,-0.15523658692836761,0.027027985081076622,-0.24546366930007935,-0.1885603666305542,0.16273163259029388,-0.45159146189689636,-0.059103742241859436,0.21455705165863037,-0.6376944780349731,-0.11753643304109573,0.2435963749885559,-0.7570947408676147,-0.15048910677433014,0.2608862519264221,-0.8655074834823608,-0.16643762588500977,0.05993110314011574,-0.48957329988479614,-0.06161878630518913,0.03643450886011124,-0.7125765085220337,-0.13453364372253418,0.01586487516760826,-0.857735276222229,-0.1775844842195511,-0.0029789565596729517,-0.9818162322044373,-0.18981057405471802,-0.023084096610546112,-0.4554152190685272,-0.07263612747192383,-0.08016718178987503,-0.474193274974823,-0.18195347487926483,-0.0636192113161087,-0.30804404616355896,-0.20856618881225586,-0.040441300719976425,-0.19614045321941376,-0.18679140508174896,-0.09087065607309341,-0.377114862203598,-0.08780553936958313,-0.12031368911266327,-0.3802334666252136,-0.16742582619190216,-0.09318862855434418,-0.2543911039829254,-0.16648180782794952,-0.05770337954163551,-0.15428458154201508,-0.13934093713760376
pain,0.0,0.0,0.0,0.10907620191574097,-0.03689825162291527,-0.07687325775623322,0.17852886021137238,-0.1455003172159195,-0.1115632951259613,0.1063779816031456,-0.21109461784362793,-0.1452191025018692,0.008421676233410835,-0.24398984014987946,-0.17624890804290771,0.1536407768726349,-0.45614033937454224,-0.054290346801280975,0.2086777687072754,-0.6509377360343933,-0.11166276782751083,0.23800580203533173,-0.7759633660316467,-0.14288325607776642,0.25391602516174316,-0.8837481141090393,-0.15722595155239105,0.049120061099529266,-0.4939061105251312,-0.05779220908880234,0.020430460572242737,-0.7158059477806091,-0.12983079254627228,-0.005707152653485537,-0.8603044748306274,-0.17286716401576996,-0.030749857425689697,-0.9824190139770508,-0.18413971364498138,-0.03537049517035484,-0.46067506074905396,-0.06942447274923325,-0.09813641756772995,-0.47110044956207275,-0.1774635910987854,-0.07384274154901505,-0.30555182695388794,-0.2052285075187683,-0.044079191982746124,-0.19586020708084106,-0.18384523689746857,-0.10288034379482269,-0.38265684247016907,-0.0849103108048439,-0.1371770054101944,-0.366621732711792,-0.164381742477417,-0.10594538599252701,-0.23936697840690613,-0.16532258689403534,-0.06676027923822403,-0.1426244080066681,-0.13878963887691498
pain,0.0,0.0,0.0,0.11059089750051498,-0.03765838220715523,-0.08720724284648895,0.17729978263378143,-0.1468058079481125,-0.12790550291538239,0.10410801321268082,-0.20247167348861694,-0.16513723134994507,0.0021776293870061636,-0.22506625950336456,-0.20020288228988647,0.14684394001960754,-0.45691215991973877,-0.06773024797439575,0.1953282207250595,-0.6501225829124451,-0.1297910213470459,0.220766082406044,-0.7769193649291992,-0.16317617893218994,0.2337065488100052,-0.8882724642753601,-0.17893439531326294,0.04317236691713333,-0.49557623267173767,-0.06572683900594711,0.013183336704969406,-0.7103161811828613,-0.14435556530952454,-0.014646022580564022,-0.8555066585540771,-0.188942089676857,-0.04418705776333809,-0.978898823261261,-0.19951079785823822,-0.040633704513311386,-0.46324753761291504,-0.07254798710346222,-0.11401990801095963,-0.46673762798309326,-0.1884223222732544,-0.08433160930871964,-0.29465773701667786,-0.22009402513504028,-0.051160167902708054,-0.1814720183610916,-0.19882544875144958,-0.10883721709251404,-0.38728880882263184,-0.08347372710704803,-0.1473703682422638,-0.3501148521900177,-0.17063374817371368,-0.1156792864203453,-0.21992067992687225,-0.1778436303138733,-0.07709693163633347,-0.12710580229759216,-0.15437941253185272
pain,0.0,0.0,0.0,0.1116652861237526,-0.03382980078458786,-0.0913546234369278,0.17613661289215088,-0.1404658704996109,-0.13347908854484558,0.09814655035734177,-0.19335302710533142,-0.17115004360675812,0.0006710386951453984,-0.2276654839515686,-0.20612652599811554,0.14496126770973206,-0.4537428617477417,-0.07523171603679657,0.19252175092697144,-0.6580754518508911,-0.13862477242946625,0.21861062943935394,-0.7877698540687561,-0.17087553441524506,0.2298002690076828,-0.9013108611106873,-0.18461856245994568,0.03972557187080383,-0.49188411235809326,-0.07110242545604706,0.007880239747464657,-0.7200918793678284,-0.150785431265831,-0.021173689514398575,-0.8614212274551392,-0.19369514286518097,-0.05185750871896744,-0.9781000018119812,-0.20157146453857422,-0.04660338535904884,-0.4603489637374878,-0.07588385045528412,-0.11057128757238388,-0.4534851014614105,-0.18970462679862976,-0.08172887563705444,-0.28322505950927734,-0.21952450275421143,-0.04943305626511574,-0.17343442142009735,-0.19699153304100037,-0.11452790349721909,-0.3881078064441681,-0.08547025918960571,-0.1493733823299408,-0.3446325659751892,-0.16876813769340515,-0.11929849535226822,-0.21125443279743195,-0.17327696084976196,-0.08270891010761261,-0.1179952546954155,-0.1481178253889084
pain,0.0,0.0,0.0,0.11019743233919144,-0.03346441686153412,-0.0865621417760849,0.18121816217899323,-0.14253833889961243,-0.1252368837594986,0.10209178179502487,-0.2040795534849167,-0.16129837930202484,0.000300483574392274,-0.24174171686172485,-0.19430553913116455,0.15629024803638458,-0.458116352558136,-0.06198175251483917,0.20241084694862366,-0.6547746062278748,-0.12248352915048599,0.22824561595916748,-0.7839541435241699,-0.15581607818603516,0.24204301834106445,-0.895254373550415,-0.1715187281370163,0.049432311207056046,-0.49289923906326294,-0.06189017370343208,0.015490851365029812,-0.7186758518218994,-0.1359998732805252,-0.004381705541163683,-0.8632727861404419,-0.17934975028038025,-0.02362794242799282,-0.9814667701721191,-0.19017019867897034,-0.03774917498230934,-0.45676442980766296,-0.07133074849843979,-0.10419980436563492,-0.45495128631591797,-0.18148674070835114,-0.07887980341911316,-0.29144859313964844,-0.21056070923805237,-0.05082656070590019,-0.18242314457893372,-0.18941627442836761,-0.10704591870307922,-0.3780026435852051,-0.08570126444101334,-0.1441517174243927,-0.34265318512916565,-0.166046604514122,-0.1135534793138504,-0.2161158323287964,-0.16918650269508362,-0.08021009713411331,-0.12569066882133484,-0.14444245398044586
pain,0.0,0.0,0.0,0.11199045926332474,-0.0392201729118824,-0.08490530401468277,0.17998141050338745,-0.149285688996315,-0.12361479550600052,0.09303619712591171,-0.21497471630573273,-0.15992552042007446,-0.013154386542737484,-0.2527322769165039,-0.19323399662971497,0.14941686391830444,-0.4690551459789276,-0.05710830166935921,0.1965222805738449,-0.6731390953063965,-0.11158116161823273,0.22361983358860016,-0.802931547164917,-0.14167281985282898,0.2384912371635437,-0.9174341559410095,-0.1555003970861435,0.04543761536478996,-0.504188597202301,-0.05471937358379364,0.012989857234060764,-0.7307491898536682,-0.122489795088768,-0.01370434183627367,-0.870379626750946,-0.16233772039413452,-0.03640463203191757,-0.984389066696167,-0.17220023274421692,-0.036364611238241196,-0.4740574061870575,-0.06151370704174042,-0.10270357131958008,-0.4807443916797638,-0.1621546894311905,-0.08350765705108643,-0.31886208057403564,-0.18786218762397766,-0.05533459037542343,-0.21067361533641815,-0.1672651171684265,-0.10327605903148651,-0.4025661051273346,-0.07341094315052032,-0.14215493202209473,-0.3994758427143097,-0.14228078722953796,-0.11469048261642456,-0.27652063965797424,-0.13878671824932098,-0.076913982629776,-0.17965063452720642,-0.11185299605131149
pain,0.0,0.0,0.0,0.10626868158578873,-0.04602745920419693,-0.08303400129079819,0.16819080710411072,-0.1601797193288803,-0.12022802978754044,0.08506735414266586,-0.2171659767627716,-0.1543750911951065,-0.009500104002654552,-0.2528599500656128,-0.18535785377025604,0.1414097249507904,-0.47151631116867065,-0.058201681822538376,0.1917123794555664,-0.6609554886817932,-0.11691586673259735,0.21780794858932495,-0.7887291312217712,-0.14975886046886444,0.23095564544200897,-0.9007236957550049,-0.16573238372802734,0.03911950811743736,-0.5042226910591125,-0.058265555649995804,0.010881129652261734,-0.7268346548080444,-0.13181667029857635,-0.013047320768237114,-0.865647554397583,-0.17513146996498108,-0.036456648260354996,-0.9818922877311707,-0.18589873611927032,-0.042201559990644455,-0.4687332212924957,-0.06722323596477509,-0.11125104129314423,-0.4820536971092224,-0.17560002207756042,-0.08541016280651093,-0.3223293721675873,-0.20574921369552612,-0.054663605988025665,-0.21780677139759064,-0.18635804951190948,-0.10494004189968109,-0.3911280333995819,-0.08069899678230286,-0.14221155643463135,-0.3595910370349884,-0.16105741262435913,-0.11273293942213058,-0.23720262944698334,-0.16630710661411285,-0.07607102394104004,-0.1523004025220871,-0.14355382323265076
pain,0.0,0.0,0.0,0.10508202761411667,-0.04615847393870354,-0.07472222298383713,0.17112618684768677,-0.15436019003391266,-0.1095714420080185,0.10260661691427231,-0.21311064064502716,-0.14396078884601593,0.007627150043845177,-0.2464294135570526,-0.17534063756465912,0.14526702463626862,-0.4630133807659149,-0.05039267614483833,0.19045937061309814,-0.6571609377861023,-0.10863979160785675,0.2167733907699585,-0.7821460962295532,-0.14060623943805695,0.23151519894599915,-0.8871990442276001,-0.15469573438167572,0.04288402199745178,-0.4953497648239136,-0.05362178385257721,0.004077515099197626,-0.7251873016357422,-0.12550584971904755,-0.020496148616075516,-0.86697918176651,-0.1682831048965454,-0.042732007801532745,-0.98297518491745,-0.17870017886161804,-0.037445444613695145,-0.46212825179100037,-0.0652458518743515,-0.10046553611755371,-0.47140055894851685,-0.17011049389839172,-0.07074850797653198,-0.31913280487060547,-0.19959613680839539,-0.039738912135362625,-0.21728844940662384,-0.18018609285354614,-0.0984247699379921,-0.38917312026023865,-0.08098236471414566,-0.13035035133361816,-0.3670835793018341,-0.1549839973449707,-0.0982363149523735,-0.24733848869800568,-0.15691418945789337,-0.06167685613036156,-0.15924574434757233,-0.13268780708312988
pain,0.0,0.0,0.0,0.10631430149078369,-0.05052842199802399,-0.06562308967113495,0.18090437352657318,-0.15249986946582794,-0.10057861357927322,0.12390254437923431,-0.21732184290885925,-0.13731753826141357,0.03307230770587921,-0.25077423453330994,-0.17172515392303467,0.1524367332458496,-0.46274566650390625,-0.04805950075387955,0.19578567147254944,-0.6598508358001709,-0.10024157166481018,0.22265951335430145,-0.7800915241241455,-0.13131900131702423,0.23973125219345093,-0.8839645981788635,-0.1453731209039688,0.05335944890975952,-0.49180877208709717,-0.05432479456067085,0.016198940575122833,-0.7180304527282715,-0.11727532744407654,-0.009439030662178993,-0.8628526329994202,-0.16054397821426392,-0.03158315271139145,-0.983941376209259,-0.17567528784275055,-0.0299398060888052,-0.46140149235725403,-0.06678853929042816,-0.053938355296850204,-0.466876745223999,-0.15703599154949188,-0.02717169001698494,-0.32999923825263977,-0.18313413858413696,-0.008587178774178028,-0.23567599058151245,-0.16707098484039307,-0.09743045270442963,-0.39655521512031555,-0.08332400023937225,-0.10524212568998337,-0.3984178304672241,-0.1413649171590805,-0.07173456996679306,-0.292966365814209,-0.1360834240913391,-0.03953751176595688,-0.2052331268787384,-0.11055607348680496
pain,0.0,0.0,0.0,0.11393874138593674,-0.04886670783162117,-0.06314779818058014,0.19622673094272614,-0.150848850607872,-0.09550991654396057,0.1367044448852539,-0.2177221179008484,-0.13043513894081116,0.0439235158264637,-0.24453897774219513,-0.16276897490024567,0.16935431957244873,-0.4638544023036957,-0.04058696702122688,0.22025519609451294,-0.6551722288131714,-0.09344816207885742,0.2507917881011963,-0.7749032974243164,-0.1261783093214035,0.2654680013656616,-0.8809580206871033,-0.14228636026382446,0.06806766986846924,-0.49049466848373413,-0.049736909568309784,0.030749594792723656,-0.7200334668159485,-0.11665114760398865,0.0028707312885671854,-0.8638300895690918,-0.16279080510139465,-0.024521566927433014,-0.9835854172706604,-0.17876894772052765,-0.016998816281557083,-0.45234325528144836,-0.06539925187826157,-0.03985770046710968,-0.46159568428993225,-0.16060350835323334,-0.00920607428997755,-0.3251294493675232,-0.1885867714881897,0.01176869310438633,-0.23367120325565338,-0.17170114815235138,-0.08561273664236069,-0.3762587308883667,-0.0846150666475296,-0.08586132526397705,-0.3866352140903473,-0.1447577029466629,-0.04799278825521469,-0.2838993966579437,-0.13927942514419556,-0.01644149050116539,-0.19607926905155182,-0.11269740760326385
pain,0.0,0.0,0.0,0.11735495179891586,-0.0407414473593235,-0.06946904212236404,0.20655108988285065,-0.1293843686580658,-0.10624506324529648,0.1533060073852539,-0.18809840083122253,-0.143805131316185,0.0615377314388752,-0.22232413291931152,-0.1783989518880844,0.1757442057132721,-0.4492811858654022,-0.06565303355455399,0.22812259197235107,-0.6534655094146729,-0.13048671185970306,0.2601475119590759,-0.7787889838218689,-0.16320188343524933,0.27336248755455017,-0.8884366750717163,-0.17606870830059052,0.06163349002599716,-0.47776156663894653,-0.07475534826517105,0.02040531486272812,-0.7154641151428223,-0.15475104749202728,-0.0046727596782147884,-0.8578779101371765,-0.20026050508022308,-0.03255562484264374,-0.9770473837852478,-0.21052001416683197,-0.028032967820763588,-0.43590590357780457,-0.09068276733160019,-0.05998414009809494,-0.3959878981113434,-0.20250312983989716,-0.020077256485819817,-0.25245392322540283,-0.23753884434700012,0.010247194208204746,-0.1623617261648178,-0.21987085044384003,-0.09345535933971405,-0.3552541732788086,-0.10969695448875427,-0.0839097872376442,-0.28749001026153564,-0.1824122965335846,-0.038476791232824326,-0.17764322459697723,-0.18603774905204773,-0.0015658014453947544,-0.10078485310077667,-0.16291490197181702
pain,0.0,0.0,0.0,0.11816106736660004,-0.03175237029790878,-0.07998400926589966,0.21595865488052368,-0.11768101900815964,-0.12351313978433609,0.1701572984457016,-0.18056564033031464,-0.16617803275585175,0.07636924088001251,-0.20711736381053925,-0.20544838905334473,0.1803121119737625,-0.4404529631137848,-0.07047818601131439,0.2294696718454361,-0.6474495530128479,-0.13655105233192444,0.2603219449520111,-0.7710715532302856,-0.17108705639839172,0.2746117413043976,-0.8796834945678711,-0.18571648001670837,0.07083787024021149,-0.4714820086956024,-0.07554002106189728,0.02964290976524353,-0.7081500887870789,-0.1582057774066925,0.0007369939121417701,-0.8534345030784607,-0.2052827775478363,-0.030408646911382675,-0.9757594466209412,-0.216722771525383,-0.018227403983473778,-0.43654757738113403,-0.08840984851121902,-0.04587739333510399,-0.4041340947151184,-0.2030809223651886,-0.00898027140647173,-0.25799548625946045,-0.23513945937156677,0.02023276314139366,-0.1644698828458786,-0.21506541967391968,-0.08785130828619003,-0.3652745485305786,-0.10562587529420853,-0.08284208923578262,-0.3123445510864258,-0.18170644342899323,-0.04376261308789253,-0.19368876516819,-0.18313096463680267,-0.009579968638718128,-0.10679172724485397,-0.1578199714422226
pain,0.0,0.0,0.0,0.11753155291080475,-0.02008083648979664,-0.09234713017940521,0.20564934611320496,-0.09819430857896805,-0.14445924758911133,0.17795957624912262,-0.16184861958026886,-0.19515861570835114,0.08943933248519897,-0.20124422013759613,-0.24222753942012787,0.17438267171382904,-0.4334721863269806,-0.08588256686925888,0.2259717434644699,-0.634650707244873,-0.16309984028339386,0.2532835006713867,-0.7611673474311829,-0.20641054213047028,0.26570451259613037,-0.8748544454574585,-0.227503702044487,0.0679975375533104,-0.4571858048439026,-0.08955996483564377,0.025723636150360107,-0.6917359828948975,-0.18686898052692413,-0.007844667881727219,-0.8415147066116333,-0.23785464465618134,-0.04034668207168579,-0.9672783017158508,-0.25048911571502686,-0.01706569641828537,-0.4174475371837616,-0.10289357602596283,-0.06310322880744934,-0.41829735040664673,-0.23013655841350555,-0.021726815029978752,-0.2635555863380432,-0.2587204873561859,0.016489483416080475,-0.16157245635986328,-0.2341310828924179,-0.08363310247659683,-0.3428826630115509,-0.12187358736991882,-0.09326371550559998,-0.3129192292690277,-0.20869281888008118,-0.0535716786980629,-0.19782575964927673,-0.2111911028623581,-0.014243184588849545,-0.11622898280620575,-0.18543317914009094
pain,0.0,0.0,0.0,0.12080776691436768,-0.023749303072690964,-0.08516991883516312,0.2084917277097702,-0.10258404165506363,-0.13520753383636475,0.18398240208625793,-0.16539114713668823,-0.18637901544570923,0.09227912127971649,-0.20042835175991058,-0.23443929851055145,0.17560666799545288,-0.4344559609889984,-0.07934045791625977,0.22779223322868347,-0.635291576385498,-0.1564331203699112,0.25468745827674866,-0.7623904943466187,-0.19903720915317535,0.26707354187965393,-0.8770185708999634,-0.2201870232820511,0.06613608449697495,-0.4572597146034241,-0.08912183344364166,0.0274229533970356,-0.6859942078590393,-0.18828736245632172,-0.00480348477140069,-0.8394534587860107,-0.23989185690879822,-0.03711091727018356,-0.9667518734931946,-0.25300922989845276,-0.02012154646217823,-0.41261932253837585,-0.10830103605985641,-0.0633009597659111,-0.41481101512908936,-0.23943555355072021,-0.019847195595502853,-0.2507769465446472,-0.2695593535900116,0.020674865692853928,-0.13991273939609528,-0.24528907239437103,-0.0883287861943245,-0.3288201093673706,-0.13260549306869507,-0.09615202993154526,-0.2840428650379181,-0.2254246175289154,-0.049689192324876785,-0.1712714582681656,-0.23295247554779053,-0.0025523242074996233,-0.08925942331552505,-0.2100832462310791
pain,0.0,0.0,0.0,0.12255672365427017,-0.03062017634510994,-0.0790279433131218,0.21396982669830322,-0.1090068444609642,-0.12208910286426544,0.1857920140028,-0.17158527672290802,-0.16608136892318726,0.09414224326610565,-0.2078530490398407,-0.20651836693286896,0.18297116458415985,-0.444454550743103,-0.0683453306555748,0.23694267868995667,-0.6478873491287231,-0.13431599736213684,0.2654552161693573,-0.7735278010368347,-0.1689663827419281,0.27708175778388977,-0.8862856030464172,-0.18458527326583862,0.07713472843170166,-0.4715142846107483,-0.07557447254657745,0.032564677298069,-0.7001489400863647,-0.16124579310417175,-5.42749221494887e-05,-0.8506887555122375,-0.208555206656456,-0.0345054492354393,-0.9749249815940857,-0.21984237432479858,-0.01095658354461193,-0.4319216310977936,-0.09125641733407974,-0.03929348662495613,-0.40131646394729614,-0.21024087071418762,-0.0024458749685436487,-0.2548702657222748,-0.24522621929645538,0.026023879647254944,-0.1597762554883957,-0.22642341256141663,-0.07792705297470093,-0.3556484580039978,-0.11157508939504623,-0.07224064320325851,-0.28501996397972107,-0.1940837800502777,-0.025560874491930008,-0.1715698093175888,-0.20378659665584564,0.01619255542755127,-0.08948878198862076,-0.1837017834186554
pain,0.0,0.0,0.0,0.12371822446584702,-0.03292873501777649,-0.07895998656749725,0.20997312664985657,-0.11536841094493866,-0.12215965986251831,0.18624995648860931,-0.17472133040428162,-0.16739946603775024,0.10269968211650848,-0.20355553925037384,-0.20925602316856384,0.18408429622650146,-0.44435620307922363,-0.06702426075935364,0.23664546012878418,-0.6451729536056519,-0.1357385516166687,0.26430487632751465,-0.7726021409034729,-0.17316564917564392,0.27585369348526,-0.8879373073577881,-0.19189472496509552,0.07854468375444412,-0.46658623218536377,-0.076227106153965,0.037901949137449265,-0.6916661262512207,-0.1644069403409958,0.004358585923910141,-0.8459711074829102,-0.21173550188541412,-0.03048892505466938,-0.974053680896759,-0.22425395250320435,-0.008140836842358112,-0.4226606488227844,-0.09480568766593933,-0.048235438764095306,-0.4194749891757965,-0.21660533547401428,-0.008758977055549622,-0.26611563563346863,-0.2504599690437317,0.026176203042268753,-0.16208046674728394,-0.23159737884998322,-0.07541368901729584,-0.34103667736053467,-0.11841381341218948,-0.08203273266553879,-0.2771889567375183,-0.20736858248710632,-0.033288415521383286,-0.1657627671957016,-0.22129085659980774,0.015434754081070423,-0.08503469824790955,-0.2044527232646942
pain,0.0,0.0,0.0,0.12066981196403503,-0.029334483668208122,-0.07828604429960251,0.20292121171951294,-0.11501850187778473,-0.12000813335180283,0.1776975840330124,-0.17606298625469208,-0.16329066455364227,0.0889047309756279,-0.21534903347492218,-0.2033935785293579,0.1741306036710739,-0.45290279388427734,-0.06263928860425949,0.2225792557001114,-0.6538799405097961,-0.12966769933700562,0.24821802973747253,-0.7796574831008911,-0.16641730070114136,0.25822001695632935,-0.8925815224647522,-0.18420425057411194,0.06789286434650421,-0.4738474488258362,-0.07175227254629135,0.020899493247270584,-0.7000927329063416,-0.1580067276954651,-0.013185412622988224,-0.850881814956665,-0.20603318512439728,-0.04726726934313774,-0.9746459722518921,-0.21870309114456177,-0.017832601442933083,-0.4265457093715668,-0.09008315205574036,-0.06177902594208717,-0.42020490765571594,-0.2111791968345642,-0.017337162047624588,-0.2649228870868683,-0.24556727707386017,0.02130710333585739,-0.1609024703502655,-0.22686456143856049,-0.08433223515748978,-0.34092897176742554,-0.11302521824836731,-0.09134069830179214,-0.2794858515262604,-0.20134210586547852,-0.04384202882647514,-0.1657128930091858,-0.2130967080593109,0.0028559379279613495,-0.08332135528326035,-0.19439475238323212
pain,0.0,0.0,0.0,0.11829541623592377,-0.02476573921740055,-0.08301351964473724,0.2050296813249588,-0.10118977725505829,-0.12830595672130585,0.1864251047372818,-0.16381163895130157,-0.1741732954978943,0.10361552983522415,-0.2094775140285492,-0.21597112715244293,0.17765282094478607,-0.4486294090747833,-0.07215650379657745,0.21905897557735443,-0.6562529802322388,-0.14269006252288818,0.24269987642765045,-0.782370388507843,-0.18060369789600372,0.25135737657546997,-0.8957456946372986,-0.1986127495765686,0.07044863700866699,-0.467676043510437,-0.08056049048900604,0.018588170409202576,-0.6975128650665283,-0.16952931880950928,-0.016976455226540565,-0.8475942611694336,-0.21747033298015594,-0.051984794437885284,-0.9718521237373352,-0.22978486120700836,-0.01639929972589016,-0.41901394724845886,-0.09862592071294785,-0.052948154509067535,-0.40234044194221497,-0.22112557291984558,-0.00929955393075943,-0.2557063102722168,-0.25451767444610596,0.027451468631625175,-0.16143348813056946,-0.23521088063716888,-0.08228646963834763,-0.33401769399642944,-0.12172987312078476,-0.08123678714036942,-0.2729930877685547,-0.20793862640857697,-0.03325159475207329,-0.16179296374320984,-0.21688120067119598,0.011021590791642666,-0.0851781889796257,-0.19668442010879517
pain,0.0,0.0,0.0,0.11963137984275818,-0.03569813445210457,-0.0741204246878624,0.21033698320388794,-0.11403593420982361,-0.11623164266347885,0.18147332966327667,-0.1783575415611267,-0.16029833257198334,0.09898006170988083,-0.21546117961406708,-0.20019681751728058,0.17998534440994263,-0.4428955018520355,-0.07284779101610184,0.22532926499843597,-0.6580883860588074,-0.14449122548103333,0.25134438276290894,-0.7887762188911438,-0.1800052672624588,0.2613426148891449,-0.9036849141120911,-0.194827601313591,0.06942636519670486,-0.4706191122531891,-0.08436283469200134,0.021680934354662895,-0.701981246471405,-0.17392124235630035,-0.011658642441034317,-0.8517752289772034,-0.22026321291923523,-0.047095466405153275,-0.9721948504447937,-0.22938892245292664,-0.020839203149080276,-0.42981359362602234,-0.10405842959880829,-0.03575232997536659,-0.3753122091293335,-0.22348982095718384,0.006154331378638744,-0.23743851482868195,-0.2572473883628845,0.03677835315465927,-0.14647407829761505,-0.23789533972740173,-0.08481016755104065,-0.3504343628883362,-0.1285320520401001,-0.0670674666762352,-0.2438095211982727,-0.21044990420341492,-0.017221366986632347,-0.13599909842014313,-0.22114548087120056,0.024545812979340553,-0.0648546889424324,-0.2018202245235443
pain,0.0,0.0,0.0,0.12046902626752853,-0.03151264786720276,-0.07342229038476944,0.20352360606193542,-0.10294274240732193,-0.11677385866641998,0.1909150630235672,-0.1657208502292633,-0.16276584565639496,0.1221422478556633,-0.21388639509677887,-0.20400771498680115,0.1773558259010315,-0.4438527822494507,-0.07593569159507751,0.22149232029914856,-0.6628099679946899,-0.14910389482975006,0.2469838708639145,-0.7918382287025452,-0.18480075895786285,0.25672033429145813,-0.9077003002166748,-0.2002938687801361,0.06611783802509308,-0.4659595787525177,-0.08903954178094864,0.020830759778618813,-0.7012748718261719,-0.17972227931022644,-0.01449799444526434,-0.8520510196685791,-0.2236996442079544,-0.050869762897491455,-0.971345067024231,-0.23216605186462402,-0.02501460164785385,-0.41594043374061584,-0.11044426262378693,-0.03874672204256058,-0.3913651406764984,-0.2313094288110733,0.006939732003957033,-0.24568583071231842,-0.2602861821651459,0.04342905804514885,-0.1442869007587433,-0.23806209862232208,-0.09058086574077606,-0.3237268924713135,-0.13663901388645172,-0.07393050193786621,-0.23581290245056152,-0.22327874600887299,-0.01865430921316147,-0.13051573932170868,-0.23401454091072083,0.03115089237689972,-0.057114921510219574,-0.21429817378520966
pain,0.0,0.0,0.0,0.12263871729373932,-0.030954627320170403,-0.07430955767631531,0.21116164326667786,-0.10118506103754044,-0.11832958459854126,0.19700489938259125,-0.16144722700119019,-0.16486620903015137,0.13139964640140533,-0.2101050615310669,-0.20593193173408508,0.182574063539505,-0.44470447301864624,-0.07607612758874893,0.2290482521057129,-0.6634588241577148,-0.15114851295948029,0.2567557394504547,-0.7916999459266663,-0.18793025612831116,0.2688654363155365,-0.9076616764068604,-0.2033703476190567,0.07179810106754303,-0.4710336923599243,-0.08917409926652908,0.032469555735588074,-0.7048876285552979,-0.18339373171329498,0.002802381757646799,-0.853398859500885,-0.22903750836849213,-0.0304779801517725,-0.9711036682128906,-0.23670391738414764,-0.01898089423775673,-0.42656537890434265,-0.11080094426870346,-0.02408536709845066,-0.3776749074459076,-0.2336186319589615,0.02364751324057579,-0.23522628843784332,-0.264911949634552,0.058746203780174255,-0.1390196830034256,-0.24273505806922913,-0.0829593688249588,-0.3398388922214508,-0.13737329840660095,-0.05621921643614769,-0.2363828420639038,-0.22095535695552826,-0.002152371918782592,-0.13104970753192902,-0.23072075843811035,0.04251375049352646,-0.059599705040454865,-0.21017253398895264
pain,0.0,0.0,0.0,0.12650707364082336,-0.03563771769404411,-0.07182540744543076,0.2171010971069336,-0.11295246332883835,-0.11386295408010483,0.20287790894508362,-0.17794328927993774,-0.15890127420425415,0.1278255432844162,-0.22152851521968842,-0.1990063190460205,0.187902569770813,-0.45500311255455017,-0.0689794048666954,0.235073983669281,-0.6707950830459595,-0.14003442227840424,0.26170605421066284,-0.7984517812728882,-0.17544279992580414,0.27258872985839844,-0.9119664430618286,-0.19063600897789001,0.07573780417442322,-0.47760558128356934,-0.0827416405081749,0.03864758461713791,-0.7108257412910461,-0.17387579381465912,0.01074322871863842,-0.8591651320457458,-0.21876294910907745,-0.021936962381005287,-0.9737014770507812,-0.22676922380924225,-0.016722597181797028,-0.43242815136909485,-0.10515187680721283,-0.01665039360523224,-0.39471641182899475,-0.22713275253772736,0.033886197954416275,-0.2484227418899536,-0.2591754198074341,0.06988418847322464,-0.14553245902061462,-0.23775997757911682,-0.08373016119003296,-0.348530650138855,-0.1322471797466278,-0.05281173810362816,-0.25772660970687866,-0.21678052842617035,0.0011833213502541184,-0.1494651585817337,-0.22800064086914062,0.044865965843200684,-0.07292567193508148,-0.20869214832782745
pain,0.0,0.0,0.0,0.12549011409282684,-0.03906543552875519,-0.06974101066589355,0.21413160860538483,-0.1237979605793953,-0.10966862738132477,0.19837035238742828,-0.18976058065891266,-0.15276463329792023,0.12071062624454498,-0.22545427083969116,-0.19104959070682526,0.187058225274086,-0.4593657851219177,-0.061341091990470886,0.23359312117099762,-0.6710160970687866,-0.13043805956840515,0.26074013113975525,-0.7975099682807922,-0.16532942652702332,0.2715183198451996,-0.9089748859405518,-0.18065528571605682,0.07724009454250336,-0.4783082604408264,-0.07529596984386444,0.03860758617520332,-0.7149723768234253,-0.16253964602947235,0.009140891022980213,-0.8625363707542419,-0.20579737424850464,-0.025026598945260048,-0.9766613841056824,-0.21332170069217682,-0.012330799363553524,-0.4293116629123688,-0.09806772321462631,-0.025403860956430435,-0.4042123556137085,-0.21575358510017395,0.02591829188168049,-0.262064129114151,-0.24593307077884674,0.06394518911838531,-0.16236375272274017,-0.22418560087680817,-0.07813461124897003,-0.3417569696903229,-0.12540492415428162,-0.05776505544781685,-0.2589966356754303,-0.2066047340631485,-0.007489669136703014,-0.14997735619544983,-0.21566788852214813,0.0332072414457798,-0.07452380657196045,-0.1954759955406189
pain,0.0,0.0,0.0,0.12442824989557266,-0.03818448632955551,-0.07160647958517075,0.21606937050819397,-0.11330945789813995,-0.11326754838228226,0.2018589824438095,-0.1789603978395462,-0.15776003897190094,0.13018497824668884,-0.22437813878059387,-0.19696804881095886,0.19126756489276886,-0.46134093403816223,-0.06661397218704224,0.23945516347885132,-0.6743361949920654,-0.13742581009864807,0.26820650696754456,-0.8032814860343933,-0.17271074652671814,0.28143879771232605,-0.9156147837638855,-0.18734359741210938,0.07817669212818146,-0.4858136773109436,-0.08004678785800934,0.04367704689502716,-0.7149397730827332,-0.16892103850841522,0.016458870843052864,-0.8607149720191956,-0.2131827175617218,-0.01520281471312046,-0.9752918481826782,-0.220396488904953,-0.015423458069562912,-0.44153785705566406,-0.10223995894193649,-0.012291991151869297,-0.3867948651313782,-0.2221820056438446,0.03595852851867676,-0.24255451560020447,-0.2534836530685425,0.06943622976541519,-0.1447412669658661,-0.23119035363197327,-0.08279179781675339,-0.3577876687049866,-0.12922698259353638,-0.0521438866853714,-0.25997817516326904,-0.21122613549232483,0.0012446476612240076,-0.14899136126041412,-0.2206234484910965,0.04379383847117424,-0.07219415158033371,-0.199464350938797
pain,0.0,0.0,0.0,0.1258610039949417,-0.03855069726705551,-0.07459233701229095,0.21828438341617584,-0.11887771636247635,-0.11788801103830338,0.20919425785541534,-0.18151052296161652,-0.16368019580841064,0.13501465320587158,-0.21791695058345795,-0.204946830868721,0.19221599400043488,-0.46611109375953674,-0.06710169464349747,0.2397042214870453,-0.6777159571647644,-0.13632789254188538,0.26687997579574585,-0.8070635199546814,-0.1729588359594345,0.27920061349868774,-0.9194055795669556,-0.1897311806678772,0.08303368836641312,-0.4813673496246338,-0.08003736287355423,0.046040501445531845,-0.7133437395095825,-0.16643890738487244,0.01671001873910427,-0.8598162531852722,-0.2118450105190277,-0.01623613014817238,-0.9749366044998169,-0.2218899428844452,-0.00893462635576725,-0.43224281072616577,-0.10203868895769119,-0.008094023913145065,-0.40446990728378296,-0.22145600616931915,0.04041919484734535,-0.26310020685195923,-0.2541836202144623,0.0723697766661644,-0.16583028435707092,-0.23424555361270905,-0.07596554607152939,-0.3474014401435852,-0.12886099517345428,-0.047840666025877,-0.27834758162498474,-0.21267861127853394,0.004057048819959164,-0.16775059700012207,-0.22238390147686005,0.04281090945005417,-0.0890028178691864,-0.20232456922531128
pain,0.0,0.0,0.0,0.1251758337020874,-0.031270403414964676,-0.07566230744123459,0.21711651980876923,-0.10583905875682831,-0.12115202099084854,0.2113094925880432,-0.1680753529071808,-0.16950426995754242,0.13838449120521545,-0.20884251594543457,-0.2133554220199585,0.19467982649803162,-0.4552259147167206,-0.07155244052410126,0.24160568416118622,-0.6640985608100891,-0.1454962193965912,0.269872784614563,-0.7923805713653564,-0.1848679631948471,0.2849399745464325,-0.9051702618598938,-0.2032250165939331,0.0832768902182579,-0.4748094975948334,-0.08509188145399094,0.043850842863321304,-0.7029528617858887,-0.17765769362449646,0.012758709490299225,-0.8536534309387207,-0.22461465001106262,-0.02135072834789753,-0.9717583656311035,-0.2350103110074997,-0.009716157801449299,-0.426550030708313,-0.10773563385009766,-0.01383288949728012,-0.3906373977661133,-0.23069368302822113,0.038305290043354034,-0.2458014190196991,-0.2606957256793976,0.07570133358240128,-0.14242993295192719,-0.23833757638931274,-0.07805640995502472,-0.33849596977233887,-0.1357322335243225,-0.053320396691560745,-0.2597137987613678,-0.22064170241355896,-0.003088956465944648,-0.14886540174484253,-0.2286670058965683,0.03631700202822685,-0.06881401687860489,-0.20733702182769775
pain,0.0,0.0,0.0,0.129024937748909,-0.03742321953177452,-0.07413672655820847,0.22300881147384644,-0.11135999113321304,-0.12027789652347565,0.209598109126091,-0.17264150083065033,-0.16983100771903992,0.1330941915512085,-0.20891036093235016,-0.2148667722940445,0.19736692309379578,-0.45855361223220825,-0.07096727937459946,0.2480630725622177,-0.6669418215751648,-0.1454881876707077,0.27721554040908813,-0.795842707157135,-0.18514122068881989,0.2912478744983673,-0.9089565277099609,-0.20359990000724792,0.08568831533193588,-0.4760318398475647,-0.08555237948894501,0.0515308640897274,-0.7018605470657349,-0.1782715916633606,0.0196872279047966,-0.8518016338348389,-0.22582261264324188,-0.015277012251317501,-0.9714401364326477,-0.2367924302816391,-0.007780488580465317,-0.42724716663360596,-0.1090942993760109,-0.005931958090513945,-0.387162446975708,-0.23061856627464294,0.04500437155365944,-0.24560566246509552,-0.2607768476009369,0.08078524470329285,-0.14808326959609985,-0.23898136615753174,-0.07764866948127747,-0.3400268852710724,-0.13781066238880157,-0.05121386796236038,-0.2625916302204132,-0.21954761445522308,-0.0002881083928514272,-0.15593397617340088,-0.22616355121135712,0.039953432977199554,-0.08020716905593872,-0.20444515347480774
pain,0.0,0.0,0.0,0.12759971618652344,-0.0353553406894207,-0.06994809210300446,0.21740803122520447,-0.10880245268344879,-0.11202815920114517,0.21152813732624054,-0.17084166407585144,-0.15812687575817108,0.14075666666030884,-0.21651947498321533,-0.19907744228839874,0.1946171373128891,-0.46297696232795715,-0.06097070872783661,0.24297356605529785,-0.6698960661888123,-0.13201898336410522,0.2719539999961853,-0.7965667843818665,-0.1700054407119751,0.28514233231544495,-0.9095759987831116,-0.18791700899600983,0.08374938368797302,-0.48040011525154114,-0.07753632962703705,0.04506826028227806,-0.7063044905662537,-0.16830413043498993,0.013932837173342705,-0.8548191785812378,-0.2149999588727951,-0.020930897444486618,-0.9740515947341919,-0.22535601258277893,-0.009577195160090923,-0.4283077120780945,-0.10332935303449631,-0.0074499729089438915,-0.3879123628139496,-0.2245623916387558,0.043954793363809586,-0.24655717611312866,-0.25546392798423767,0.08117660880088806,-0.15112537145614624,-0.2341509312391281,-0.07928642630577087,-0.33505338430404663,-0.1339891403913498,-0.05161886662244797,-0.251261830329895,-0.21709886193275452,0.0037919559981673956,-0.14638733863830566,-0.22617027163505554,0.050172869116067886,-0.07386711239814758,-0.20604489743709564
pain,0.0,0.0,0.0,0.12644033133983612,-0.03422374278306961,-0.07129036635160446,0.2185617983341217,-0.1055876761674881,-0.11540423333644867,0.20374181866645813,-0.16836406290531158,-0.16303573548793793,0.12466324865818024,-0.20596328377723694,-0.2059156596660614,0.1883084625005722,-0.4518490135669708,-0.07110925018787384,0.2383766919374466,-0.663984477519989,-0.14361880719661713,0.2665559649467468,-0.7922080159187317,-0.18022988736629486,0.278239369392395,-0.9057081937789917,-0.19641174376010895,0.07598692923784256,-0.47125962376594543,-0.08673293143510818,0.039533831179142,-0.6996851563453674,-0.17785586416721344,0.007710407953709364,-0.8509047031402588,-0.2232949286699295,-0.02824288234114647,-0.9721848964691162,-0.23250558972358704,-0.01770372875034809,-0.4207865297794342,-0.11083538830280304,-0.008030282333493233,-0.3729078471660614,-0.2316504865884781,0.04308713972568512,-0.23429977893829346,-0.2623300552368164,0.07775069773197174,-0.14050742983818054,-0.24075625836849213,-0.08622030913829803,-0.330491840839386,-0.13968689739704132,-0.05074688792228699,-0.24005280435085297,-0.22112137079238892,0.005338581744581461,-0.13671834766864777,-0.22913561761379242,0.050188884139060974,-0.06440731137990952,-0.2082933634519577
pain,0.0,0.0,0.0,0.1295430064201355,-0.035667482763528824,-0.06982478499412537,0.22077591717243195,-0.11064387112855911,-0.11072104424238205,0.21436013281345367,-0.1732328087091446,-0.15545667707920074,0.14296230673789978,-0.2157788872718811,-0.19572652876377106,0.1988554447889328,-0.46069034934043884,-0.0636896938085556,0.24637006223201752,-0.6657216548919678,-0.13366198539733887,0.27330511808395386,-0.794259250164032,-0.17140769958496094,0.28527316451072693,-0.9074519872665405,-0.189438134431839,0.0865761861205101,-0.4786151945590973,-0.07992086559534073,0.04708593338727951,-0.7077559232711792,-0.16788911819458008,0.017802072688937187,-0.8568726181983948,-0.21365666389465332,-0.01445880625396967,-0.9743679761886597,-0.22449509799480438,-0.007975117303431034,-0.4257151484489441,-0.10503237694501877,-0.002121090656146407,-0.3910890221595764,-0.2227829247713089,0.05076643079519272,-0.25400272011756897,-0.2538233995437622,0.08789277076721191,-0.15973439812660217,-0.23408865928649902,-0.07828003913164139,-0.33235523104667664,-0.13493826985359192,-0.04736403748393059,-0.2584574222564697,-0.21465837955474854,0.0077161602675914764,-0.15669481456279755,-0.22243060171604156,0.05221715569496155,-0.08444070816040039,-0.20258387923240662
pain,0.0,0.0,0.0,0.12538810074329376,-0.04169037565588951,-0.06883956491947174,0.2159569263458252,-0.12398780137300491,-0.11068141460418701,0.21136607229709625,-0.18838150799274445,-0.15676751732826233,0.13874763250350952,-0.2238692045211792,-0.19833670556545258,0.18918685615062714,-0.46598708629608154,-0.06316076964139938,0.23853975534439087,-0.6793515086174011,-0.13342615962028503,0.2670705318450928,-0.8080598711967468,-0.1700916588306427,0.2793155014514923,-0.9204561114311218,-0.1863781362771988,0.07996399700641632,-0.4815496802330017,-0.07915979623794556,0.04176625236868858,-0.7137860655784607,-0.16837355494499207,0.010160263627767563,-0.859802782535553,-0.2139906883239746,-0.025883985683321953,-0.9744737148284912,-0.22300465404987335,-0.01109796017408371,-0.43348875641822815,-0.10370665788650513,-0.008973482996225357,-0.3951799273490906,-0.2232409119606018,0.04204687848687172,-0.2531486749649048,-0.25373291969299316,0.07697132974863052,-0.1548176407814026,-0.2318183332681656,-0.07626102864742279,-0.349295973777771,-0.13298261165618896,-0.04684103652834892,-0.267548143863678,-0.21377535164356232,0.0052589839324355125,-0.15981072187423706,-0.22111670672893524,0.04566387087106705,-0.08520074933767319,-0.1995357722043991
pain,0.0,0.0,0.0,0.12544521689414978,-0.04287541285157204,-0.06978970021009445,0.2161581665277481,-0.12556272745132446,-0.11069657653570175,0.20409977436065674,-0.19008110463619232,-0.1550413817167282,0.12995608150959015,-0.231695756316185,-0.19462037086486816,0.1884537935256958,-0.4714266061782837,-0.05806798115372658,0.2353866696357727,-0.6763819456100464,-0.12632986903190613,0.26115188002586365,-0.8040298223495483,-0.16243737936019897,0.27108749747276306,-0.9146639108657837,-0.17876505851745605,0.07746584713459015,-0.4871414303779602,-0.07317374646663666,0.03888016939163208,-0.7172151803970337,-0.16086846590042114,0.0055104754865169525,-0.8622434139251709,-0.20658931136131287,-0.03147777169942856,-0.9759730696678162,-0.21560543775558472,-0.014994601719081402,-0.4368970990180969,-0.09725254774093628,-0.010198435746133327,-0.40410467982292175,-0.21747064590454102,0.04028260335326195,-0.2609427869319916,-0.24887286126613617,0.0750190019607544,-0.16297312080860138,-0.2269715666770935,-0.0832321047782898,-0.3495852053165436,-0.12588198482990265,-0.054152920842170715,-0.2728884518146515,-0.20909297466278076,-0.001601008465513587,-0.1641249656677246,-0.21794530749320984,0.04010424762964249,-0.08799879997968674,-0.19672854244709015
pain,0.0,0.0,0.0,0.12417162209749222,-0.03999452292919159,-0.07292862236499786,0.2136087417602539,-0.11972817778587341,-0.11352135986089706,0.20619964599609375,-0.18132779002189636,-0.15679775178432465,0.13864293694496155,-0.22641199827194214,-0.19508284330368042,0.1901928037405014,-0.46965929865837097,-0.06441602855920792,0.23554250597953796,-0.6788066625595093,-0.13353298604488373,0.26415929198265076,-0.8063071370124817,-0.16899226605892181,0.27500468492507935,-0.9159603714942932,-0.1840536743402481,0.07990363985300064,-0.48620977997779846,-0.07766266912221909,0.03706814721226692,-0.720318078994751,-0.16762717068195343,0.00599138205870986,-0.8641066551208496,-0.21307717263698578,-0.030996279790997505,-0.9748402237892151,-0.2207391858100891,-0.010779177770018578,-0.43590110540390015,-0.10018333792686462,-0.011042503640055656,-0.3900994658470154,-0.22154571115970612,0.04278485104441643,-0.24980954825878143,-0.2558005154132843,0.08066760748624802,-0.15596237778663635,-0.23520797491073608,-0.0752161517739296,-0.3495267629623413,-0.12729769945144653,-0.04438547044992447,-0.2692175805568695,-0.20843325555324554,0.010136180557310581,-0.16615062952041626,-0.21787123382091522,0.053197212517261505,-0.09496113657951355,-0.19758586585521698
pain,0.0,0.0,0.0,0.12490016222000122,-0.03777121752500534,-0.07398626953363419,0.21528518199920654,-0.10842712968587875,-0.11981078237295151,0.20652562379837036,-0.1724885106086731,-0.16890564560890198,0.1343076378107071,-0.2181079089641571,-0.2132178395986557,0.18659386038780212,-0.4618912935256958,-0.07163284718990326,0.2347191423177719,-0.6715222001075745,-0.14843766391277313,0.26237499713897705,-0.8005962371826172,-0.1888914555311203,0.2733730673789978,-0.9141940474510193,-0.20700795948505402,0.07521992921829224,-0.48098084330558777,-0.08671068400144577,0.03655774146318436,-0.7140947580337524,-0.18375439941883087,0.0007254030788317323,-0.8582554459571838,-0.23272249102592468,-0.03846309334039688,-0.9694975018501282,-0.2420644611120224,-0.017591552808880806,-0.42996522784233093,-0.11060120165348053,-0.017538275569677353,-0.38478195667266846,-0.23646284639835358,0.03592832386493683,-0.24217770993709564,-0.2679585814476013,0.07620640099048615,-0.14315925538539886,-0.24459810554981232,-0.08587681502103806,-0.3392407298088074,-0.13930366933345795,-0.0593259371817112,-0.256772518157959,-0.22339214384555817,-0.00432251812890172,-0.15372444689273834,-0.2305687963962555,0.042295005172491074,-0.07918799668550491,-0.20772920548915863
pain,0.0,0.0,0.0,0.13097070157527924,-0.033281076699495316,-0.07424154132604599,0.22607597708702087,-0.10612136125564575,-0.11796064674854279,0.2127743810415268,-0.1669747233390808,-0.16475236415863037,0.13938003778457642,-0.21110646426677704,-0.20687419176101685,0.19529972970485687,-0.4602085053920746,-0.07066257297992706,0.24290074408054352,-0.6731846928596497,-0.1450951248407364,0.2717619836330414,-0.8027424812316895,-0.18363699316978455,0.28523963689804077,-0.9158576130867004,-0.20061250030994415,0.08153946697711945,-0.481384813785553,-0.08512966334819794,0.0379299521446228,-0.7128812670707703,-0.1800464540719986,0.006070591975003481,-0.858843207359314,-0.2282550185918808,-0.02917037531733513,-0.9709552526473999,-0.23747630417346954,-0.011939368210732937,-0.4322717785835266,-0.10863281041383743,-0.017881017178297043,-0.37681087851524353,-0.2351778745651245,0.036015111953020096,-0.23177210986614227,-0.26973623037338257,0.07666168361902237,-0.1329212188720703,-0.24848870933055878,-0.07940704375505447,-0.3431679308414459,-0.13686798512935638,-0.05346424877643585,-0.24542054533958435,-0.22386620938777924,0.003589755157008767,-0.13729138672351837,-0.23526902496814728,0.051712993532419205,-0.0636834055185318,-0.21517416834831238
pain,0.0,0.0,0.0,0.1332109570503235,-0.031561918556690216,-0.07774870097637177,0.22949902713298798,-0.10329519212245941,-0.12436585128307343,0.2195650339126587,-0.16592149436473846,-0.17381319403648376,0.14641766250133514,-0.2078680843114853,-0.21898230910301208,0.1990267038345337,-0.46145138144493103,-0.07804103940725327,0.2503376603126526,-0.6789628863334656,-0.15489856898784637,0.2817240059375763,-0.8095333576202393,-0.19543129205703735,0.2949599325656891,-0.9242432117462158,-0.214014932513237,0.08514730632305145,-0.48268264532089233,-0.09158364683389664,0.04163604602217674,-0.7120108604431152,-0.18897563219070435,0.011397452093660831,-0.8548636436462402,-0.23927436769008636,-0.023258425295352936,-0.9678089022636414,-0.25060945749282837,-0.008081740699708462,-0.4354839026927948,-0.11389408260583878,-0.011086901649832726,-0.38413581252098083,-0.2426203042268753,0.0422578826546669,-0.23375055193901062,-0.2763836979866028,0.08177270740270615,-0.13126511871814728,-0.25489985942840576,-0.07491842657327652,-0.34782540798187256,-0.14115579426288605,-0.048254694789648056,-0.26013892889022827,-0.2298533022403717,0.0070736343041062355,-0.15072189271450043,-0.23959565162658691,0.05279025435447693,-0.07217346131801605,-0.21824726462364197
pain,0.0,0.0,0.0,0.12999266386032104,-0.03525348752737045,-0.06906934827566147,0.22350676357746124,-0.10712691396474838,-0.11070171743631363,0.21782058477401733,-0.16641855239868164,-0.15667042136192322,0.15094001591205597,-0.21480360627174377,-0.19795973598957062,0.19548213481903076,-0.46557891368865967,-0.06337891519069672,0.24678859114646912,-0.6770000457763672,-0.13705472648143768,0.27684155106544495,-0.8066912889480591,-0.1758517324924469,0.2886818051338196,-0.9199495911598206,-0.19333578646183014,0.08301806449890137,-0.4867866635322571,-0.07999838888645172,0.03903551027178764,-0.7182744145393372,-0.17352257668972015,0.010301457718014717,-0.8605583906173706,-0.22195324301719666,-0.023228097707033157,-0.9725310206413269,-0.2316112518310547,-0.009675038047134876,-0.4380713701248169,-0.10530581325292587,-0.015538536012172699,-0.3915490508079529,-0.23101669549942017,0.03807301074266434,-0.24416954815387726,-0.2641371786594391,0.07749401777982712,-0.14341804385185242,-0.24221910536289215,-0.074894979596138,-0.34685376286506653,-0.13510213792324066,-0.047703322023153305,-0.24573557078838348,-0.22291770577430725,0.008644308894872665,-0.13739560544490814,-0.2345067858695984,0.054772716015577316,-0.06326055526733398,-0.2142094224691391
pain,0.0,0.0,0.0,0.12838993966579437,-0.0342840701341629,-0.07272092998027802,0.2215854823589325,-0.10444760322570801,-0.11847642809152603,0.2071511596441269,-0.16537059843540192,-0.16763247549533844,0.12800686061382294,-0.20506791770458221,-0.21249905228614807,0.18558725714683533,-0.4569823443889618,-0.07782036066055298,0.2349693477153778,-0.6693931221961975,-0.15536725521087646,0.26633772253990173,-0.7975250482559204,-0.1956181824207306,0.2783980965614319,-0.9102822542190552,-0.21348851919174194,0.0698210671544075,-0.48152032494544983,-0.09324539452791214,0.02750852145254612,-0.70556640625,-0.18865662813186646,-6.863859744044021e-05,-0.8503884077072144,-0.23736393451690674,-0.03355931118130684,-0.9681181311607361,-0.2482358068227768,-0.023874489590525627,-0.4356730282306671,-0.11690551042556763,-0.02122948132455349,-0.37612825632095337,-0.24193936586380005,0.03408771753311157,-0.23311761021614075,-0.2744837701320648,0.07342223078012466,-0.13725176453590393,-0.2533726096153259,-0.08753708750009537,-0.3469468057155609,-0.1455058604478836,-0.053680285811424255,-0.2462432086467743,-0.22972172498703003,0.004777706228196621,-0.14076964557170868,-0.23912125825881958,0.05263424292206764,-0.06638889759778976,-0.21857653558254242
pain,0.0,0.0,0.0,0.13092821836471558,-0.024316467344760895,-0.08297007530927658,0.22387969493865967,-0.08192809671163559,-0.1360880434513092,0.21682417392730713,-0.14115138351917267,-0.1917298436164856,0.14216020703315735,-0.18386772274971008,-0.24387361109256744,0.19776928424835205,-0.44151997566223145,-0.09317080676555634,0.2453610748052597,-0.6544523239135742,-0.1765575259923935,0.273569256067276,-0.7806086540222168,-0.2216116338968277,0.2836647033691406,-0.8982267379760742,-0.24403107166290283,0.08501729369163513,-0.4655561149120331,-0.1052204966545105,0.033121589571237564,-0.6895279884338379,-0.21093642711639404,0.0009517719154246151,-0.8369930982589722,-0.26560482382774353,-0.033125441521406174,-0.9592925906181335,-0.28046464920043945,-0.0072215860709548,-0.4166688323020935,-0.1257435530424118,-0.027189236134290695,-0.3736904263496399,-0.26268652081489563,0.023441491648554802,-0.2206255942583084,-0.3001975417137146,0.06508076190948486,-0.1146918311715126,-0.28064998984336853,-0.0723952129483223,-0.32306885719299316,-0.15109184384346008,-0.05908737704157829,-0.23407836258411407,-0.25071975588798523,-0.004003412555903196,-0.12589702010154724,-0.26699501276016235,0.04754207283258438,-0.04570094123482704,-0.24933792650699615
pain,0.0,0.0,0.0,0.12819556891918182,-0.027421722188591957,-0.07499638944864273,0.21512222290039062,-0.0966704711318016,-0.12261990457773209,0.20462638139724731,-0.15028005838394165,-0.1736450493335724,0.13543114066123962,-0.18279583752155304,-0.22168049216270447,0.18662473559379578,-0.44799408316612244,-0.08007989823818207,0.2273726463317871,-0.6553873419761658,-0.1544332206249237,0.2522330582141876,-0.7805852293968201,-0.19587959349155426,0.2624672055244446,-0.8999376893043518,-0.21813464164733887,0.07708285003900528,-0.46649080514907837,-0.09532005339860916,0.02254040166735649,-0.6908084750175476,-0.18919038772583008,-0.010518002323806286,-0.8383513689041138,-0.23894892632961273,-0.04366718605160713,-0.9661476016044617,-0.25426751375198364,-0.01397805754095316,-0.41394177079200745,-0.11855096369981766,-0.02418765425682068,-0.3953820765018463,-0.24582679569721222,0.0261203795671463,-0.2437536120414734,-0.2782468795776367,0.0634186863899231,-0.14035676419734955,-0.2590372562408447,-0.08024059236049652,-0.31908828020095825,-0.14641675353050232,-0.061640284955501556,-0.25068482756614685,-0.2412252277135849,-0.005033073015511036,-0.14091207087039948,-0.25405481457710266,0.0432867556810379,-0.0601903572678566,-0.2361099272966385
pain,0.0,0.0,0.0,0.13283246755599976,-0.027556369081139565,-0.0781402662396431,0.22745929658412933,-0.09091313928365707,-0.1276879757642746,0.21389131247997284,-0.14822693169116974,-0.18009409308433533,0.1362520009279251,-0.183721125125885,-0.22878098487854004,0.19386394321918488,-0.4427527189254761,-0.08826051652431488,0.2359808087348938,-0.6581816673278809,-0.16675965487957,0.2606755793094635,-0.7881591320037842,-0.2078186720609665,0.27175405621528625,-0.907028079032898,-0.22706101834774017,0.08030755072832108,-0.46821728348731995,-0.10165901482105255,0.029886281117796898,-0.6886608004570007,-0.20064106583595276,-0.0041341399773955345,-0.839431881904602,-0.25077295303344727,-0.03885013982653618,-0.9640559554100037,-0.2628437876701355,-0.013040055520832539,-0.4238035976886749,-0.1230960562825203,-0.019573690369725227,-0.36112821102142334,-0.25024890899658203,0.030321653932332993,-0.21488146483898163,-0.28343257308006287,0.0677608773112297,-0.11606468260288239,-0.26268336176872253,-0.07845598459243774,-0.33820778131484985,-0.14984366297721863,-0.05369624122977257,-0.24068009853363037,-0.2369711995124817,0.0024955037515610456,-0.1360287070274353,-0.2475612759590149,0.05032338574528694,-0.060863934457302094,-0.22786027193069458
pain,0.0,0.0,0.0,0.12797757983207703,-0.03807277977466583,-0.07167286425828934,0.2221520096063614,-0.1071140244603157,-0.11825291812419891,0.2177119255065918,-0.16035225987434387,-0.1689617931842804,0.1486697494983673,-0.18639865517616272,-0.21582847833633423,0.19748149812221527,-0.46089690923690796,-0.0759231224656105,0.24111777544021606,-0.6801615953445435,-0.1496070772409439,0.26415103673934937,-0.8106223344802856,-0.18718577921390533,0.27341175079345703,-0.931254506111145,-0.2047170102596283,0.08356864750385284,-0.480701208114624,-0.09181363135576248,0.04560420289635658,-0.7037225961685181,-0.18581043183803558,0.008436393924057484,-0.8506457209587097,-0.2327430546283722,-0.03019852377474308,-0.9696380496025085,-0.24267281591892242,-0.014043021015822887,-0.43209531903266907,-0.11565683782100677,-0.011225620284676552,-0.39068734645843506,-0.24018292129039764,0.037030626088380814,-0.24318651854991913,-0.2730119228363037,0.07340935617685318,-0.13843141496181488,-0.25199854373931885,-0.08539249747991562,-0.3425650894641876,-0.1441982537508011,-0.05529928579926491,-0.24521079659461975,-0.23318339884281158,0.0017339083133265376,-0.13281124830245972,-0.24611583352088928,0.0497506707906723,-0.05048942193388939,-0.2271331399679184
pain,0.0,0.0,0.0,0.1250423640012741,-0.0349566787481308,-0.07266033440828323,0.2192358672618866,-0.0980433002114296,-0.11956840008497238,0.21942788362503052,-0.15872058272361755,-0.1701815277338028,0.14918670058250427,-0.1962476372718811,-0.21578004956245422,0.19478397071361542,-0.4620319604873657,-0.07479246705770493,0.23881416022777557,-0.6769576072692871,-0.152316153049469,0.2664252519607544,-0.8083206415176392,-0.19249391555786133,0.28002312779426575,-0.9268471598625183,-0.21031928062438965,0.08282392472028732,-0.48882970213890076,-0.09126298129558563,0.05121442675590515,-0.7118345499038696,-0.18787440657615662,0.018175730481743813,-0.8567937612533569,-0.23437504470348358,-0.017949676141142845,-0.9701351523399353,-0.24189993739128113,-0.012930410914123058,-0.4416274428367615,-0.11641298234462738,-0.008026194758713245,-0.36678630113601685,-0.2396528720855713,0.04103856161236763,-0.22785915434360504,-0.2706776559352875,0.07955267280340195,-0.13181999325752258,-0.24750375747680664,-0.0825452134013176,-0.3505808413028717,-0.14702284336090088,-0.052623599767684937,-0.24063509702682495,-0.22809524834156036,0.003979850094765425,-0.13546136021614075,-0.23642824590206146,0.053587090224027634,-0.06130855157971382,-0.21480345726013184
pain,0.0,0.0,0.0,0.12806521356105804,-0.03283552825450897,-0.0723472461104393,0.2212800830602646,-0.10500948876142502,-0.11592989414930344,0.22258701920509338,-0.16291940212249756,-0.16356933116912842,0.1556696891784668,-0.2058265656232834,-0.20587719976902008,0.20457026362419128,-0.4655180871486664,-0.06570415943861008,0.24560657143592834,-0.6819221377372742,-0.13879673182964325,0.2685045003890991,-0.8129919171333313,-0.17650461196899414,0.28061002492904663,-0.9301978349685669,-0.19372835755348206,0.0931176245212555,-0.4882334768772125,-0.08203787356615067,0.05820615217089653,-0.7212530970573425,-0.17675915360450745,0.029488036409020424,-0.8645768761634827,-0.22308000922203064,-0.0017914423951879144,-0.973007082939148,-0.23076842725276947,-0.0018720028456300497,-0.44002431631088257,-0.10785799473524094,0.007187119219452143,-0.3903626799583435,-0.23353110253810883,0.054046642035245895,-0.23861359059810638,-0.2647815942764282,0.08807140588760376,-0.13417939841747284,-0.24105025827884674,-0.07159926742315292,-0.3499802052974701,-0.1388111710548401,-0.03543233498930931,-0.2576972246170044,-0.2243950068950653,0.017908859997987747,-0.15007157623767853,-0.23478078842163086,0.060749251395463943,-0.0755399614572525,-0.21424275636672974
